initial_maturity,time_in_minute,temperature,humidity,current_maturity
85,4320,26.59113433,56.9465115,85
85,4340,26.70960162,56.52387829,85
85,4360,26.75301705,56.86792106,85
85,4380,26.79177851,56.62887926,85
85,4400,26.86389932,56.7654578,85
85,4420,26.95615139,57.11974901,85
85,4440,27.05457627,56.81697277,85
85,4460,27.22889908,56.74099558,85
85,4480,27.29755187,57.14777243,85
85,4500,27.38486663,57.69352418,85
85,4520,27.50253629,57.89438784,85
85,4540,27.58973114,58.62211047,85
85,4560,27.67300232,59.06753313,85
85,4580,27.73771237,59.22605901,85
85,4600,27.77263705,59.26325178,85
85,4620,27.8110205,59.20244236,85
85,4640,27.86659588,58.98637062,85
85,4660,27.89805969,58.44424843,85
85,4680,27.83829489,58.36688536,85
85,4700,27.82079061,58.12071502,85
85,4720,27.8299663,57.86163212,85
85,4740,27.8087013,57.51189829,85
85,4760,27.7675072,57.47550666,85
85,4780,27.7413522,57.16029583,85
85,4800,27.69509278,56.85864947,85
85,4820,27.66578005,57.11644886,85
85,4840,27.66265123,57.68546094,85
85,4860,27.67766106,57.19662327,85
85,4880,27.66243806,57.116826,85
85,4900,27.62913021,56.79450626,85
85,4920,27.60009865,57.49854706,85
85,4940,27.59876247,57.64726961,85
85,4960,27.59217593,57.85901084,85
85,4980,27.57795774,57.71644618,85
85,5000,27.55670085,57.83144176,85
85,5020,27.56025454,57.84708098,85
85,5040,27.53940206,58.17451274,85
85,5060,27.5379717,58.30844029,85
85,5080,27.45165794,59.60320477,85
85,5100,27.48901268,59.35704919,85
85,5120,27.48349571,59.32725481,85
85,5140,27.4863508,59.37341272,85
85,5160,27.51105126,59.48906978,85
85,5180,27.49543067,59.31792656,85
85,5200,27.48627752,59.25037947,85
85,5220,27.65389151,58.52688012,85
85,5240,27.65845178,58.59482194,85
85,5260,27.6194531,58.50309312,85
85,5280,27.56508922,58.66279582,85
85,5300,27.54636071,58.5636506,85
85,5320,27.46829526,58.73710173,85
85,5340,27.30941447,58.60590793,85
85,5360,27.21005281,58.84010919,85
85,5380,27.14428984,58.76129314,85
85,5400,27.09851878,58.663515,85
85,5420,27.06321654,58.54648983,85
85,5440,27.02695671,57.6266196,85
85,5460,26.95582419,57.60720211,85
85,5480,26.91194632,57.85530453,85
85,5500,26.88084737,58.07498797,85
85,5520,26.8674221,57.63872586,85
85,5540,26.84335794,57.50340048,85
85,5560,26.81613873,57.52850277,85
85,5580,26.81224925,57.66868481,85
85,5600,26.80005514,58.85863504,85
85,5620,26.8119937,59.34298864,85
85,5640,26.82216858,59.03330906,85
85,5660,26.7636863,58.14877802,85
85,5680,26.69587484,57.52336901,85
85,5700,26.63968112,57.24865298,85
85,5720,26.60796456,57.28587002,85
85,5740,26.61744727,57.79381717,85
85,5760,26.59113433,56.9465115,85
85,5780,26.70960162,56.52387829,85
85,5800,26.75301705,56.86792106,85
85,5820,26.79177851,56.62887926,85
85,5840,26.86389932,56.7654578,85
85,5860,26.95615139,57.11974901,85
85,5880,27.05457627,56.81697277,85
85,5900,27.22889908,56.74099558,85
85,5920,27.29755187,57.14777243,85
85,5940,27.38486663,57.69352418,85
85,5960,27.50253629,57.89438784,85
85,5980,27.58973114,58.62211047,85
85,6000,27.67300232,59.06753313,85
85,6020,27.73771237,59.22605901,85
85,6040,27.77263705,59.26325178,85
85,6060,27.8110205,59.20244236,85
85,6080,27.86659588,58.98637062,85
85,6100,27.89805969,58.44424843,85
85,6120,27.83829489,58.36688536,85
85,6140,27.82079061,58.12071502,85
85,6160,27.8299663,57.86163212,85
85,6180,27.8087013,57.51189829,85
85,6200,27.7675072,57.47550666,85
85,6220,27.7413522,57.16029583,85
85,6240,27.69509278,56.85864947,85
85,6260,27.66578005,57.11644886,85
85,6280,27.66265123,57.68546094,85
85,6300,27.67766106,57.19662327,85
85,6320,27.66243806,57.116826,85
85,6340,27.62913021,56.79450626,85
85,6360,27.60009865,57.49854706,85
85,6380,27.59876247,57.64726961,85
85,6400,27.59217593,57.85901084,85
85,6420,27.57795774,57.71644618,85
85,6440,27.55670085,57.83144176,85
85,6460,27.56025454,57.84708098,85
85,6480,27.53940206,58.17451274,85
85,6500,27.5379717,58.30844029,85
85,6520,27.37582336,60.97271021,85
85,6540,27.42851449,60.6937705,85
85,6560,27.43089986,60.66210074,85
85,6580,27.44142473,60.73390025,85
85,6600,27.47751096,60.90179403,85
85,6620,27.47096838,60.66691607,85
85,6640,27.4701505,60.55638606,85
85,6660,27.66718553,59.73191061,85
85,6680,27.67977823,59.82265365,85
85,6700,27.64163688,59.71782071,85
85,6720,27.58867339,59.89795713,85
85,6740,27.57107891,59.8501245,85
85,6760,27.49269458,60.02811626,85
85,6780,27.32040225,59.9281805,85
85,6800,27.21148893,60.21488669,85
85,6820,27.14395029,60.12481121,85
85,6840,27.09699765,59.98449333,85
85,6860,27.05796176,59.47694076,85
85,6880,27.00390291,58.50185097,85
85,6900,26.91784669,58.57489765,85
85,6920,26.87067674,58.86082422,85
85,6940,26.83453985,59.14403388,85
85,6960,26.8137205,58.65140098,85
85,6980,26.78181384,58.33126722,85
85,7000,26.74034903,58.27186031,85
85,7020,26.71435629,58.28325883,85
85,7040,26.69982492,59.45034481,85
85,7060,26.71144518,60.10389177,85
85,7080,26.72438314,59.88568655,85
85,7100,26.66564148,58.96407964,85
85,7120,26.60278553,58.35170744,85
85,7140,26.54904033,58.12465102,85
85,7160,26.52029283,58.12432764,85
85,7180,26.53410641,58.62150534,85
85,7200,26.40467777,56.97163568,85
85,7220,26.51476337,56.42524866,90
85,7240,26.53516496,56.91065159,90
85,7260,26.55462518,56.68300487,90
85,7280,26.60081286,56.85121783,90
85,7300,26.6722418,56.90934279,90
85,7320,26.7673128,56.6893574,90
85,7340,26.87457405,56.75248774,90
85,7360,26.92819944,57.15271027,90
85,7380,27.03565361,57.69299225,90
85,7400,27.17776634,57.84490885,90
85,7420,27.29140964,58.59302795,90
85,7440,27.39706163,58.92908111,90
85,7460,27.4685258,59.08535184,90
85,7480,27.51013017,59.0720232,90
85,7500,27.555452,58.88071335,90
85,7520,27.61896672,58.79354722,90
85,7540,27.65575869,58.68985535,90
85,7560,27.60674178,59.00501184,90
85,7580,27.61149879,58.8986743,90
85,7600,27.64043768,58.7609129,90
85,7620,27.63387291,58.43740757,90
85,7640,27.60096061,58.43629333,90
85,7660,27.58178347,58.14033809,90
85,7680,27.53998699,57.83726606,90
85,7700,27.51779625,58.14617964,90
85,7720,27.52505379,58.79290775,90
85,7740,27.54994597,58.27947422,90
85,7760,27.54361969,58.23113448,90
85,7780,27.51602977,57.89610239,90
85,7800,27.49201751,58.69714902,90
85,7820,27.49858568,58.84807003,90
85,7840,27.49260582,59.07934572,90
85,7860,27.48623742,58.86284325,90
85,7880,27.46872954,58.95021916,90
85,7900,27.475529,58.96571159,90
85,7920,27.45824522,59.33872885,90
85,7940,27.46613433,59.49297938,90
85,7960,27.22408913,61.18971114,90
85,7980,27.28999297,60.90035108,90
85,8000,27.30237762,60.8995437,90
85,8020,27.31903814,60.97893006,90
85,8040,27.36900724,61.17347889,90
85,8060,27.36920196,60.91166069,90
85,8080,27.37832015,60.88057877,90
85,8100,27.60922673,59.9779913,90
85,8120,27.63377014,60.08303274,90
85,8140,27.5965268,59.96190092,90
85,8160,27.5440671,60.17302571,90
85,8180,27.52726478,60.12897826,90
85,8200,27.44588375,60.39985773,90
85,8220,27.25188829,60.34382177,90
85,8240,27.13134777,60.67153498,90
85,8260,27.06451462,60.5659218,90
85,8280,27.01085446,60.40550907,90
85,8300,26.96624202,60.02213937,90
85,8320,26.9112065,59.63042227,90
85,8340,26.85224419,59.58101015,90
85,8360,26.82468876,59.69940758,90
85,8380,26.8014871,59.86753222,90
85,8400,26.78563131,59.24199521,90
85,8420,26.74056035,58.78195245,90
85,8440,26.68863018,58.65423492,90
85,8460,26.65195536,58.67920611,90
85,8480,26.62122848,59.73839946,90
85,8500,26.61385241,60.22877207,90
85,8520,26.61358074,60.0122132,90
85,8540,26.54644741,58.95894816,90
85,8560,26.47461203,58.25909422,90
85,8580,26.40193895,57.95674403,90
85,8600,26.34581085,58.31669191,90
85,8620,26.35379356,58.86108547,90
85,8640,26.27035257,57.65172518,90
85,8660,26.37996766,56.92118365,90
85,8680,26.38013562,57.43624732,90
85,8700,26.37134097,57.00076048,90
85,8720,26.39136148,56.94791867,90
85,8740,26.42846153,56.87258223,90
85,8760,26.49280193,56.63836612,90
85,8780,26.58077139,56.67256791,90
85,8800,26.61309047,57.10444516,90
85,8820,26.70132899,57.78273188,90
85,8840,26.82400032,57.95905704,90
85,8860,26.92663104,58.6844218,90
85,8880,27.03530504,59.05787514,90
85,8900,27.12011414,59.3329947,90
85,8920,27.17854982,59.3090488,90
85,8940,27.23414091,59.1599687,90
85,8960,27.30739053,59.0244011,90
85,8980,27.35472951,58.82544315,90
85,9000,27.35611759,58.8919712,90
85,9020,27.38083173,58.86684273,90
85,9040,27.40375418,58.71353009,90
85,9060,27.39929391,58.3385187,90
85,9080,27.36789678,58.31343576,90
85,9100,27.35140333,58.00033348,90
85,9120,27.31196926,57.64206068,90
85,9140,27.29190192,57.96490612,90
85,9160,27.30879164,58.68792631,90
85,9180,27.34372132,58.12230916,90
85,9200,27.34627964,58.08955052,90
85,9220,27.31951021,57.67226516,90
85,9240,27.30155806,58.53238927,90
85,9260,27.31306253,58.699236,90
85,9280,27.31615268,59.02586601,90
85,9300,27.31480869,58.79868849,90
85,9320,27.30538383,58.92041068,90
85,9340,27.31647759,58.92509896,90
85,9360,27.30675288,59.33771948,90
85,9380,27.31976198,59.48139442,90
85,9400,26.99814815,67.93518519,90
85,9420,27.37843137,66.7745098,90
85,9440,27.45740741,66.63888889,90
85,9460,27.5,66.37735849,90
85,9480,27.5,66.74528302,90
85,9500,27.5,66.14953271,90
85,9520,27.37555556,66.93333333,90
85,9540,27.3870775,66.79344163,90
85,9560,27.44263883,66.63033541,90
85,9580,27.45181133,66.60973907,90
85,9600,27.45101189,66.60557481,90
85,9620,27.44401359,66.63817714,90
85,9640,27.43601553,66.6228763,90
85,9660,27.3,67,90
85,9680,27.2,67.13333333,90
85,9700,27.2,67,90
85,9720,27.13666667,67.7,90
85,9740,27.093,66.64,90
85,9760,26.95688073,64.46788991,90
85,9780,26.84220183,62.83486239,90
85,9800,26.73333333,62.01851852,90
85,9820,26.64166667,62.56481481,90
85,9840,26.6,62.80733945,90
85,9860,26.58073394,63.05504587,90
85,9880,26.53796296,63.03703704,90
85,9900,26.5037037,62.36111111,90
85,9920,26.45981308,62.02803738,90
85,9940,26.4,62.25688073,90
85,9960,26.4,62.83333333,90
85,9980,26.38715596,62.11926606,90
85,10000,26.34862385,62.63302752,90
85,10020,26.31170213,63,90
85,10040,26.3,63.01851852,90
85,10060,26.3,63.00917431,90
85,10080,26.26697248,63.02752294,90
85,10100,26.21296296,63.00925926,95
85,10120,26.2,63.00917431,95
85,10140,26.17037037,63.01851852,95
85,10160,26.12685185,63.03703704,95
85,10180,26.1,63,95
85,10200,26.1,63.00917431,95
85,10220,26.07522936,62.87155963,95
85,10240,26.01869159,63.01869159,95
85,10260,26.03119266,63.58715596,95
85,10280,26.15833333,64.30555556,95
85,10300,26.27685185,65.01851852,95
85,10320,26.36055046,65.17431193,95
85,10340,26.4,65.64814815,95
85,10360,26.4,66.26851852,95
85,10380,26.40550459,66.04587156,95
85,10400,26.41834862,66.24770642,95
85,10420,26.4212963,66.22222222,95
85,10440,26.44220183,66.97247706,95
85,10460,26.44444444,67.4537037,95
85,10480,26.42407407,67.64814815,95
85,10500,26.42568807,67.8440367,95
85,10520,26.41237113,67.95876289,95
85,10540,26.40185185,67.92592593,95
85,10560,26.40092593,67.98148148,95
85,10580,26.4,68.02752294,95
85,10600,26.4,68.01869159,95
85,10620,26.4,68.16666667,95
85,10640,26.4,68.11111111,95
85,10660,26.4,68.35514019,95
85,10680,26.4,68.7037037,95
85,10700,26.39439252,68.75700935,95
85,10720,26.37685185,68.97222222,95
85,10740,26.34761905,69.00952381,95
85,10760,26.32037037,69.03703704,95
85,10780,26.30917431,69.00917431,95
85,10800,26.3037037,69,95
85,10820,26.30106383,69,95
85,10840,26.33616795,68.96928096,95
85,10860,26.3,69.02857143,95
85,10880,26.3,69,95
85,10900,26.29326923,69,95
85,10920,26.27525773,68.92783505,95
85,10940,26.22911392,68.87341772,95
85,10960,26.21368421,68.66315789,95
85,10980,26.21086957,68.63043478,95
85,11000,26.20571429,68.85714286,95
85,11020,26.2,68.74074074,95
85,11040,26.2,68.60185185,95
85,11060,26.2,68.56190476,95
85,11080,26.2,68.40740741,95
85,11100,26.19814815,68.4537037,95
85,11120,26.14220183,68.36697248,95
85,11140,26.10092593,68.63888889,95
85,11160,26.1,68.75229358,95
85,11180,26.1,68.84259259,95
85,11200,26.1,68.92592593,95
85,11220,26.09814815,68.9537037,95
85,11240,26.06055046,69,95
85,11260,26.02242991,69,95
85,11280,26.01851852,69,95
85,11300,26.00373832,69.00934579,95
85,11320,26.00092593,69.01851852,95
85,11340,26,69,95
85,11360,26,69.01886792,95
85,11380,25.99722222,69.00925926,95
85,11400,25.9787037,69.01851852,95
85,11420,25.93211009,69,95
85,11440,25.91388889,69,95
85,11460,25.91111111,69,95
85,11480,25.90660377,69.01886792,95
85,11500,25.91018519,69.02777778,95
85,11520,25.90185185,61.01851852,95
85,11540,25.63761468,58.89908257,100
85,11560,25.45555556,62.61111111,100
85,11580,25.3706422,60.71559633,100
85,11600,25.27592593,60.00925926,100
85,11620,25.20642202,59.4587156,100
85,11640,25.2,59.30275229,100
85,11660,25.2,59.61111111,100
85,11680,25.2,60.1047619,100
85,11700,25.24587156,61.31192661,100
85,11720,25.32149533,61.70093458,100
85,11740,25.42752294,63.5412844,100
85,11760,25.55740741,64.91666667,100
85,11780,25.65648148,65.84259259,100
85,11800,25.75462963,65.50925926,100
85,11820,25.8,64.50925926,100
85,11840,25.82752294,64.06422018,100
85,11860,25.89813084,64.00934579,100
85,11880,25.9,64.00917431,100
85,11900,25.93518519,64.65740741,100
85,11920,26.00366972,64.34862385,100
85,11940,26.08888889,63.21296296,100
85,11960,26.10917431,62.63302752,100
85,11980,26.19444444,62.00925926,100
85,12000,26.21376147,62,100
85,12020,26.31944444,62.51851852,100
85,12040,26.45185185,64.83333333,100
85,12060,26.56513761,64,100
85,12080,26.6462963,64.58333333,100
85,12100,26.70275229,63.79816514,100
85,12120,26.76880734,64.36697248,100
85,12140,26.80093458,64.14953271,100
85,12160,26.85925926,64.74074074,100
85,12180,26.91388889,63.59259259,100
85,12200,26.93518519,63.13888889,100
85,12220,27.04444444,63.78703704,100
85,12240,27.10555556,63.91666667,100
85,12260,27.19519231,64.25,100
85,12280,27.28484848,64.39393939,100
85,12300,27.35876289,64.21649485,100
85,12320,27.47264151,64.48113208,100
85,12340,27.61111111,65.02777778,100
85,12360,27.92314815,65.62037037,100
85,12380,28.07009346,64.34579439,100
85,12400,28.38796296,63.85185185,100
85,12420,29.71284404,59.3853211,100
85,12440,29.86388889,60.26851852,100
85,12460,29.8293578,59.53211009,100
85,12480,29.61851852,61.24074074,100
85,12500,29.62477064,60.78899083,100
85,12520,29.2712963,61.57407407,100
85,12540,28.44259259,61.27777778,100
85,12560,28.04907407,63.11111111,100
85,12580,27.8787037,62.5462963,100
85,12600,27.7412844,61.19266055,100
85,12620,27.59722222,60.41666667,100
85,12640,27.4962963,61.18518519,100
85,12660,27.41481481,62.15740741,100
85,12680,27.5266055,63.01834862,100
85,12700,27.61481481,63.02777778,100
85,12720,27.66788991,59.57798165,100
85,12740,27.49351852,56.49074074,100
85,12760,27.3212963,55.59259259,100
85,12780,27.16851852,54.83333333,100
85,12800,27.08611111,53.9537037,100
85,12820,27.00183486,53.56880734,100
85,12840,26.90925926,53.2962963,100
85,12860,26.83577982,52.97247706,100
85,12880,26.8,52.23148148,100
85,12900,26.78899083,52.01834862,100
85,12920,26.70833333,52.00925926,100
85,12940,26.66915888,51.88785047,100
85,12960,26.60642202,51.49541284,100
85,12980,26.6,51.2962963,100
85,13000,26.56697248,51.00917431,100
85,13020,26.50092593,51.01851852,100
85,13040,26.49357798,50.77981651,100
85,13060,26.41574074,50.44444444,100
85,13080,26.4,50.27777778,100
85,13100,26.4,50.13761468,100
85,13120,26.33831776,50.10280374,100
85,13140,26.3,50.05555556,100
85,13160,26.28148148,49.98148148,100
85,13180,26.21759259,49.93518519,100
85,13200,26.2,49.67592593,100
85,13220,26.2,49.66972477,100
85,13240,26.16944444,49.5,100
85,13260,26.10277778,49.41666667,100
85,13280,26.1,49.33333333,100
85,13300,26.09907407,49.25,100
85,13320,26.04485981,49.3364486,100
85,13340,26.00925926,49.01851852,100
85,13360,26,49.2293578,100
85,13380,25.94587156,49.04587156,100
85,13400,25.90280374,49.10280374,100
85,13420,25.90092593,48.87037037,100
85,13440,25.89814815,48.65740741,100
85,13460,25.86513761,48.56880734,100
85,13480,25.80833333,48.87962963,100
85,13500,25.8,48.47222222,100
85,13520,25.79266055,48.97247706,100
85,13540,25.76880734,48.87155963,100
85,13560,25.71759259,48.88888889,100
85,13580,25.7,48.83486239,100
85,13600,25.7,49,100
85,13620,25.7,48.55660377,100
85,13640,25.7,48.75,100
85,13660,25.7,48,100
85,13680,25.7,49,100
85,13700,25.7,49,100
85,13720,25.7,48.46464646,100
85,13740,25.67522936,48.21100917,100
85,13760,25.60186916,48.12149533,100
85,13780,25.6,48.0733945,100
85,13800,25.59908257,48,100
85,13820,25.56261682,48.02803738,100
85,13840,25.51834862,47.87155963,100
85,13860,25.49907407,47.75925926,100
85,13880,25.4962963,47.38888889,100
85,13900,25.42314815,47.61111111,100
85,13920,25.40091743,47.1559633,100
85,13940,25.4,47.31481481,100
85,13960,25.4,47.46788991,100
85,13980,25.4,47.38888889,100
85,14000,25.39550562,47.08988764,100
85,14020,25.32685185,47.02777778,100
85,14040,25.30344828,47.06896552,100
85,14060,25.3,47.0212766,100
85,14080,25.29903846,47.04807692,100
85,14100,25.29705882,47.06862745,100
85,14120,25.27619048,47.14285714,100
85,14140,25.28555556,47.23333333,100
85,14160,25.23186813,47,100
85,14180,25.2009434,47.04716981,100
85,14200,25.2,47.09375,100
85,14220,25.20097087,48.53398058,100
85,14240,25.20186916,54.79439252,100
85,14260,25.31428571,56.67142857,100
85,14280,25.39541284,55.03669725,100
85,14300,25.1509434,54.93396226,100
85,14320,25.1,55.10185185,100
85,14340,25.1010101,55.88888889,100
85,14360,25.146,57.51,100
85,14380,25.23831776,59.46728972,100
85,14400,25.53027523,57.1559633,100
85,14420,26.27522936,55.7706422,100
85,14440,26.39722222,54.77777778,100
85,14460,26.41926606,54.31192661,100
85,14480,26.51456311,54.42718447,100
85,14500,26.69252336,54.05607477,100
85,14520,26.87314815,53.55555556,100
85,14540,27.05779817,53.85321101,100
85,14560,27.21132075,55.05660377,100
85,14580,27.52685185,56.44444444,100
85,14600,27.82385321,56.09174312,100
85,14620,28.09357798,56.4587156,100
85,14640,28.38611111,56.57407407,100
85,14660,28.64036697,56.63302752,100
85,14680,28.87037037,56.28703704,100
85,14700,29.15321101,56.86238532,100
85,14720,29.4537037,56.75925926,100
85,14740,29.61272727,56.71818182,100
85,14760,29.82242991,56.18691589,100
85,14780,30.02385321,55.79816514,100
85,14800,30.09816514,55.28440367,100
85,14820,30.08333333,54.80555556,100
85,14840,30.01495327,55.11214953,100
85,14860,29.89811321,54.73584906,100
85,14880,29.7407767,53.30097087,100
85,14900,29.609375,54.26041667,100
85,14920,29.651,54.92,100
85,14940,29.73564356,53.54455446,100
85,14960,29.71650485,52.49514563,100
85,14980,29.59072165,51.19587629,100
85,15000,29.53229167,54.07291667,100
85,15020,29.6,55.0106383,100
85,15040,29.6,55.67073171,100
85,15060,29.6,56.13636364,100
85,15080,29.6,56.90384615,100
85,15100,29.56568627,57.01960784,100
85,15120,29.50096154,57.75961538,100
85,15140,29.5,58.00990099,100
85,15160,29.42197802,57.98901099,100
85,15180,29.4,58.02105263,100
85,15200,29.37032967,58.06593407,100
85,15220,29.30111111,58.26666667,100
85,15240,29.297,58.53,100
85,15260,29.25619048,59,100
85,15280,29.19626168,59.03738318,100
85,15300,29.13364486,59.01869159,100
85,15320,29.08962264,59.01886792,100
85,15340,29.01028037,59.01869159,100
85,15360,28.98425926,59.0462963,100
85,15380,28.90462963,59.18518519,100
85,15400,28.85288462,59.96153846,100
85,15420,28.79266055,59.75229358,100
85,15440,28.71111111,59.94444444,100
85,15460,28.65688073,59.86238532,100
85,15480,28.59906542,59.47663551,100
85,15500,28.55229358,59.21100917,100
85,15520,28.49537037,59.65740741,100
85,15540,28.43981481,59.87037037,100
85,15560,28.39351852,60,100
85,15580,28.33055556,60.02777778,100
85,15600,28.3,60.01851852,100
85,15620,28.27981651,60.03669725,100
85,15640,28.20373832,60.03738318,100
85,15660,28.16388889,60.07407407,100
85,15680,28.10092593,60.06481481,100
85,15700,28.06018519,60.64814815,100
85,15720,28.06513761,60.98165138,100
85,15740,28.08981481,56.57407407,100
85,15760,27.86111111,52.97222222,100
85,15780,27.51203704,50.41666667,100
85,15800,27.23148148,51.25,100
85,15820,27.20733945,52.22018349,100
85,15840,27.34495413,52.21100917,100
85,15860,27.45833333,52.9537037,100
85,15880,27.62037037,53.23148148,100
85,15900,27.83761468,54.4587156,100
85,15920,28.06697248,56.17431193,100
85,15940,28.3787037,57.16666667,100
85,15960,28.68888889,57.0462963,100
85,15980,28.93119266,57.31192661,100
85,16000,29.13396226,57.49056604,100
85,16020,29.37592593,57.06481481,100
85,16040,29.65412844,57.04587156,100
85,16060,29.84485981,57.95327103,100
85,16080,29.9293578,58.02752294,100
85,16100,29.90740741,57.35185185,100
85,16120,29.83119266,57.41284404,100
85,16140,29.80462963,56.92592593,100
85,16160,29.8,57.17757009,100
85,16180,29.76296296,57.74074074,100
85,16200,29.36111111,59.7962963,100
85,16220,29.22616822,59.12149533,100
85,16240,29.29722222,59.09259259,100
85,16260,29.27592593,59.12962963,100
85,16280,29.23240741,59.2962963,100
85,16300,29.19444444,59.12037037,100
85,16320,29.13611111,59.2037037,100
85,16340,29.0990566,59.41509434,100
85,16360,29.03888889,59.52777778,100
85,16380,28.99351852,59.37962963,100
85,16400,28.925,59.22222222,100
85,16420,28.89166667,59.46296296,100
85,16440,28.82523364,59.85046729,100
85,16460,28.79724771,59.88990826,100
85,16480,28.72777778,59.4537037,100
85,16500,28.68623853,59.31192661,100
85,16520,28.61214953,59.1588785,100
85,16540,28.58888889,59.25,100
85,16560,28.51869159,59.34579439,100
85,16580,28.49074074,59.57407407,100
85,16600,28.43796296,59.4537037,100
85,16620,28.39816514,59.24770642,100
85,16640,28.33055556,59,100
85,16660,28.29813084,59.01869159,100
85,16680,28.23703704,59,100
85,16700,28.18333333,58.9537037,100
85,16720,28.11296296,58.28703704,100
85,16740,28.0728972,58.00934579,100
85,16760,28.00183486,58,100
85,16780,27.95740741,58.00925926,100
85,16800,27.90091743,57.97247706,100
85,16820,27.87777778,57.89814815,100
85,16840,27.82037037,57.42592593,100
85,16860,27.8,57.01869159,100
85,16880,27.77247706,57.01834862,100
85,16900,27.7,57.03703704,100
85,16920,27.7,57.03738318,100
85,16940,27.7,55.66055046,100
85,16960,27.65277778,50.60185185,100
85,16980,27.37706422,51.53211009,100
85,17000,27.19259259,52.99074074,100
85,17020,27.06590909,54.07954545,100
85,17040,27.01034483,54.51724138,100
85,17060,27.07058824,55.17647059,100
85,17080,27.10238095,55.5952381,100
85,17100,27.15116279,55.51162791,100
85,17120,27.25,57.43396226,100
85,17140,27.39459459,59.22972973,100
85,17160,27.5,59,100
85,17180,27.5,59,100
85,17200,27.5,59,100
85,17220,27.57875,59.3,100
85,17240,27.74166667,56.77777778,100
85,17260,27.7962963,56.94444444,100
85,17280,27.89633028,56.7706422,100
85,17300,28.07346939,57.21428571,100
85,17320,28.27798165,56.56880734,100
85,17340,28.45185185,56.25,100
85,17360,28.70550459,56.16513761,100
85,17380,28.94351852,58.59259259,100
85,17400,29.06542056,57.71028037,100
85,17420,29.70917431,56.66055046,100
85,17440,29.88301887,57.11320755,100
85,17460,29.8293578,57.69724771,100
85,17480,29.77592593,58.24074074,100
85,17500,29.67798165,58.82568807,100
85,17520,29.60458716,60.03669725,100
85,17540,29.62201835,60.21100917,100
85,17560,29.61018519,60.60185185,100
85,17580,29.6,61.45454545,100
85,17600,29.6,60.33613445,100
85,17620,29.59416667,56.725,100
85,17640,29.45916667,53.9,100
85,17660,29.28583333,52.675,100
85,17680,29.15666667,51.56666667,100
85,17700,29.0325,51.03333333,100
85,17720,28.93333333,50.75,100
85,17740,28.85833333,50.3,100
85,17760,28.78083333,50.00833333,100
85,17780,28.70166667,49.90833333,100
85,17800,28.62583333,49.93333333,100
85,17820,28.57166667,49.61666667,100
85,17840,28.49416667,49.31666667,100
85,17860,28.42083333,49.08333333,100
85,17880,28.35666667,49.10833333,100
85,17900,28.3,49.24166667,100
85,17920,28.28916667,49.31666667,100
85,17940,28.22,49.69166667,100
85,17960,28.1725,50,100
85,17980,28.15333333,50.01666667,100
85,18000,28.1075,50.025,100
85,18020,28.04083333,50.01666667,100
85,18040,27.9825,50.01666667,100
85,18060,27.9125,50,100
85,18080,27.85166667,49.98333333,100
85,18100,27.80083333,49.85,100
85,18120,27.74583333,49.6,100
85,18140,27.66666667,49.875,100
85,18160,27.59916667,50.10833333,100
85,18180,27.56083333,50.09166667,100
85,18200,27.50916667,50,100
85,18220,27.46416667,50,100
85,18240,27.4,50.01666667,100
85,18260,27.37333333,49.55833333,100
85,18280,27.2975,49.7,100
85,18300,27.2325,49.35,100
85,18320,27.2,49.21666667,100
85,18340,27.14666667,49.21666667,100
85,18360,27.10916667,49.41666667,100
85,18380,27.1,52.03333333,100
85,18400,27.18833333,51.5,100
85,18420,27.22166667,50.83333333,100
85,18440,27.20083333,50.81666667,100
85,18460,27.205,50.59166667,100
85,18480,27.24333333,50.55,100
85,18500,27.27416667,51.70833333,100
85,18520,27.34666667,52.325,100
85,18540,27.4975,53.36666667,100
85,18560,27.50166667,54.71666667,100
85,18580,27.51583333,54.01666667,100
85,18600,27.50666667,53.06666667,100
85,18620,27.45,52.44166667,100
85,18640,27.3475,51.725,100
85,18660,27.27416667,51.11666667,100
85,18680,27.22166667,51.41666667,100
85,18700,27.20083333,52,100
85,18720,27.16,52.80833333,100
85,18740,27.1,53.58333333,100
85,18760,27.09333333,53.06666667,100
85,18780,27.005,52.85,100
85,18800,26.90916667,52.26666667,100
85,18820,26.90083333,51.99166667,100
85,18840,26.85166667,51.76666667,100
85,18860,26.8,51.74166667,100
85,18880,26.77833333,52.39166667,100
85,18900,26.72583333,55.36666667,100
85,18920,26.70666667,55.06666667,100
85,18940,26.7725,58.09166667,100
85,18960,26.6325,61.925,100
85,18980,26.60666667,62.025,100
85,19000,26.59666667,62.00833333,100
85,19020,26.51083333,62.00833333,100
85,19040,26.42916667,62,100
85,19060,26.39916667,62.01666667,100
85,19080,26.325,62.05833333,100
85,19100,26.29,62.00833333,100
85,19120,26.22083333,62.64166667,100
85,19140,26.2,62.975,100
85,19160,26.15083333,63,100
85,19180,26.1025,62.88333333,100
85,19200,26.08166667,62.98333333,100
85,19220,26.01333333,63.00833333,100
85,19240,25.99333333,63.00833333,100
85,19260,25.9225,63.01666667,100
85,19280,25.9,63,100
85,19300,25.85666667,63,100
85,19320,25.8025,63.00833333,100
85,19340,25.77666667,63.00833333,100
85,19360,25.71416667,63.01666667,100
85,19380,25.7,62.98333333,100
85,19400,25.7,62.99166667,100
85,19420,25.68583333,63,100
85,19440,25.61583333,63.025,100
85,19460,25.6,63.03333333,100
85,19480,25.575,63.00833333,100
85,19500,25.5025,63,100
85,19520,25.49166667,63.01666667,100
85,19540,25.415,63.03333333,100
85,19560,25.4,63.075,100
85,19580,25.4,63.775,100
85,19600,25.4,64,100
85,19620,25.4,62.125,100
85,19640,25.36583333,58,100
85,19660,25.28583333,55,100
85,19680,25.19916667,53.43333333,100
85,19700,25.19333333,52.06666667,100
85,19720,25.18166667,51.675,100
85,19740,25.2,52.875,100
85,19760,25.2,52.80833333,100
85,19780,25.22333333,55.16666667,100
85,19800,25.3575,54.825,100
85,19820,25.43333333,56.05833333,100
85,19840,25.58333333,56.425,100
85,19860,25.70333333,55.26666667,100
85,19880,25.8025,55.95833333,100
85,19900,26.12333333,57.61666667,100
85,19920,26.455,59.01666667,100
85,19940,26.6825,58.325,100
85,19960,26.8,55.525,100
85,19980,26.79,55.65,100
85,20000,26.8,54.34166667,100
85,20020,26.8,53.68333333,100
85,20040,26.81583333,54.08333333,100
85,20060,26.90333333,53.34166667,100
85,20080,26.90333333,55.06666667,100
85,20100,27.03166667,53.5,100
85,20120,27.04,52.15833333,100
85,20140,26.91583333,52.1,100
85,20160,26.85333333,50.825,100
85,20180,26.76166667,49.125,100
85,20200,26.62166667,48.60833333,100
85,20220,26.535,48.01666667,100
85,20240,26.4425,47.375,100
85,20260,26.4,47.06666667,100
85,20280,26.35166667,46.875,100
85,20300,26.29916667,46.51666667,100
85,20320,26.22333333,46.65,100
85,20340,26.2,46.1,100
85,20360,26.16916667,46.10833333,100
85,20380,26.10333333,48.175,100
85,20400,26.11333333,47.2,100
85,20420,26.085,46.86666667,100
85,20440,26.00083333,46.28333333,100
85,20460,25.92416667,46.13333333,100
85,20480,25.89833333,46.03333333,100
85,20500,25.8575,45.75833333,100
85,20520,25.79833333,45.80833333,100
85,20540,25.75666667,45.325,100
85,20560,25.7,45.49166667,100
85,20580,25.68666667,45.2,100
85,20600,25.625,45.20833333,100
85,20620,25.6,45.1,100
85,20640,25.5775,45.03333333,100
85,20660,25.5075,45.16666667,100
85,20680,25.48666667,45.01666667,100
85,20700,25.41833333,44.96666667,100
85,20720,25.4,45.06666667,100
85,20740,25.4,44.95833333,100
85,20760,25.36416667,45.14166667,100
85,20780,25.30166667,46.09166667,100
85,20800,25.30416667,46.39166667,100
85,20820,25.29166667,46.15,100
85,20840,25.21,50.05833333,100
85,20860,25.34583333,51.025,100
85,20880,25.6475,49.25,100
85,20900,25.75916667,49.74166667,100
85,20920,25.70916667,51.69166667,100
85,20940,25.86,53.74166667,100
85,20960,26.0525,54.70833333,100
85,20980,26.21666667,53.29166667,100
85,21000,26.34,53.025,100
85,21020,26.43166667,53.70833333,100
85,21040,26.565,54.275,100
85,21060,26.73416667,55.18333333,100
85,21080,26.92666667,54.14166667,100
85,21100,27.10083333,54.46666667,100
85,21120,27.255,54.49166667,100
85,21140,27.48666667,54.8,100
85,21160,27.63916667,56.00833333,100
85,21180,27.8475,55.85833333,100
85,21200,27.9,56.375,100
85,21220,27.96916667,55.91666667,100
85,21240,28.03583333,55.93333333,100
85,21260,28.1725,55.23333333,100
85,21280,28.20083333,54.14166667,100
85,21300,28.19083333,52.1,100
85,21320,28.05,51.50833333,100
85,21340,27.9525,52.68333333,100
85,21360,28.1425,52.43333333,100
85,21380,28.19916667,53.80833333,100
85,21400,28.19916667,54.225,100
85,21420,28.07,54.09166667,100
85,21440,27.92333333,53.88333333,100
85,21460,27.85416667,53,100
85,21480,27.7825,52.08333333,100
85,21500,27.69083333,51.31666667,100
85,21520,27.60666667,51.01666667,100
85,21540,27.53416667,50.1,100
85,21560,27.49583333,50.03333333,100
85,21580,27.41166667,49.825,100
85,21600,27.36,49.55,100
85,21620,27.29916667,49.025,100
85,21640,27.22083333,49.00833333,100
85,21660,27.2,49,100
85,21680,27.16166667,48.28333333,100
85,21700,27.09916667,48.075,100
85,21720,27.05583333,48.00833333,100
85,21740,27.00333333,48.05,100
85,21760,26.95333333,48,100
85,21780,26.90083333,48.04166667,100
85,21800,26.865,48,100
85,21820,26.80666667,48.01666667,100
85,21840,26.8,48.01666667,100
85,21860,26.7925,47.7,100
85,21880,26.71833333,47.84166667,100
85,21900,26.69833333,47.575,100
85,21920,26.67416667,47.85,100
85,21940,26.62333333,47.3,100
85,21960,26.60083333,47.975,100
85,21980,26.59916667,48,100
85,22000,26.55583333,48,100
85,22020,26.51333333,48.025,100
85,22040,26.49666667,48.05,100
85,22060,26.42666667,48.00833333,100
85,22080,26.40166667,48,100
85,22100,26.4,48.00833333,100
85,22120,26.38083333,48.01666667,100
85,22140,26.32666667,47.075,100
85,22160,26.28,46.08333333,100
85,22180,25.96,49.225,100
85,22200,25.80666667,53.13333333,100
85,22220,25.95833333,54.75,100
85,22240,26.04,53.78333333,100
85,22260,26.04083333,55.21666667,100
85,22280,26.04583333,58.04166667,100
85,22300,26.17666667,59.025,100
85,22320,26.28583333,58.79166667,100
85,22340,26.34333333,60.66666667,100
85,22360,26.44666667,59.175,100
85,22380,26.545,57.38333333,100
85,22400,26.455,56.83333333,100
85,22420,26.4,56.15,100
85,22440,26.4,56.68333333,100
85,22460,26.4,56.46666667,100
85,22480,26.4075,55.725,100
85,22500,26.405,55.55833333,100
85,22520,26.405,55.3,100
85,22540,26.52583333,54.25833333,100
85,22560,26.6,54,100
85,22580,26.6,53.4,100
85,22600,26.6,52.71666667,100
85,22620,26.59833333,51.79166667,100
85,22640,26.5525,51.00833333,100
85,22660,26.49833333,50.29166667,100
85,22680,26.43416667,50.04166667,100
85,22700,26.4,50.00833333,100
85,22720,26.4,49.75833333,100
85,22740,26.39333333,49.19166667,100
85,22760,26.32416667,49.01666667,100
85,22780,26.3025,49.00833333,100
85,22800,26.28583333,49.00833333,100
85,22820,26.20666667,49.01666667,100
85,22840,26.2,49,100
85,22860,26.2,48.2,100
85,22880,26.1375,48,100
85,22900,26.02416667,48.025,100
85,22920,26,48.01666667,100
85,22940,25.99833333,48.03333333,100
85,22960,25.98666667,48.025,100
85,22980,25.90916667,47.99166667,100
85,23000,25.9,48.00833333,100
85,23020,25.89833333,48.01666667,100
85,23040,25.88583333,48.01666667,100
85,23060,25.89,48.00833333,100
85,23080,25.81083333,48.00833333,100
85,23100,25.8,48.01666667,100
85,23120,25.74333333,48.00833333,100
85,23140,25.71416667,48.00833333,100
85,23160,25.7025,48.00833333,100
85,23180,25.7,48,100
85,23200,25.7,48,100
85,23220,27.75980037,53.45247338,100
85,23240,27.83245682,53.42555924,100
85,23260,27.88315324,54.58683467,100
85,23280,27.91098157,55.29666015,100
85,23300,27.94232657,55.1312592,100
85,23320,27.93793026,55.07251104,100
85,23340,27.948529,55.15992056,100
85,23360,27.97589506,55.02604952,100
85,23380,27.97497615,54.37648709,100
85,23400,27.89447906,54.28747981,100
85,23420,27.86361468,53.8213323,100
85,23440,27.83812012,53.67949938,100
85,23460,27.79862654,53.52808642,100
85,23480,27.742199,53.56946319,100
85,23500,27.68000961,53.35798102,100
85,23520,27.61975908,53.0882791,100
85,23540,27.55515527,53.29452961,100
85,23560,27.52942593,53.4037963,100
85,23580,27.49472146,52.93319735,100
85,23600,27.45261192,52.53067242,100
85,23620,27.35331472,52.82091765,100
85,23640,27.28125422,54.05250844,100
85,23660,27.28898573,54.66536887,100
85,23680,27.27921296,54.60546146,100
85,23700,27.25645642,54.91499282,100
85,23720,27.22341381,56.19239855,100
85,23740,27.25270697,56.55604575,100
85,23760,27.27938663,56.36617941,100
85,23780,27.28901235,56.84038473,100
85,23800,27.26221239,56.88906356,100
85,23820,27.26969419,56.89895984,100
85,23840,27.25861976,56.93460012,100
85,23860,27.23862366,56.60172638,100
85,23880,27.23664506,56.65222222,100
85,23900,27.22297619,56.96311728,100
85,23920,27.21348189,56.90545892,100
85,23940,27.21775701,56.66439512,100
85,23960,27.21635403,55.74342243,100
85,23980,27.22405907,55.12549181,100
85,24000,27.22322389,54.82674,100
85,24020,27.23929012,54.48472222,100
85,24040,27.23193139,54.58124406,100
85,24060,27.24516565,54.44099753,100
85,24080,27.22268136,54.39518773,100
85,24100,27.19906346,54.58184817,100
85,24120,27.20595535,54.45511423,100
85,24140,27.22635449,54.70081549,100
85,24160,27.25344136,53.68070988,100
85,24180,27.22100762,53.13235785,100
85,24200,27.16060185,53.38179012,100
85,24220,27.16329966,54.00122054,100
85,24240,27.23950192,54.25734887,100
85,24260,27.28548412,54.67858353,100
85,24280,27.30865877,54.45127021,100
85,24300,27.31209195,54.48233922,100
85,24320,27.28557099,54.74007396,100
85,24340,27.27482441,54.76714631,100
85,24360,27.27835627,54.53860856,100
85,24380,27.27205247,53.45123457,100
85,24400,27.20087963,52.96759259,100
85,24420,27.13999228,52.07083333,100
85,24440,27.10510802,51.60740741,100
85,24460,27.07171707,51.8510491,100
85,24480,27.05171191,51.8083505,100
85,24500,27.08033302,51.73567124,100
85,24520,27.09300759,51.48394738,100
85,24540,27.12357139,51.490782,100
85,24560,27.15811659,51.44100913,100
85,24580,27.22823744,51.86252004,100
85,24600,27.27757055,51.60969052,100
85,24620,27.40001498,51.430606,100
85,24640,27.44055449,51.67796175,100
85,24660,27.75980037,53.45247338,100
85,24680,27.83245682,53.42555924,100
85,24700,27.88315324,54.58683467,100
85,24720,27.91098157,55.29666015,100
85,24740,27.94232657,55.1312592,100
85,24760,27.93793026,55.07251104,100
85,24780,27.948529,55.15992056,100
85,24800,27.97589506,55.02604952,100
85,24820,27.97497615,54.37648709,100
85,24840,27.89447906,54.28747981,100
85,24860,27.86361468,53.8213323,100
85,24880,27.83812012,53.67949938,100
85,24900,27.79862654,53.52808642,100
85,24920,27.742199,53.56946319,100
85,24940,27.68000961,53.35798102,100
85,24960,27.61975908,53.0882791,100
85,24980,27.55515527,53.29452961,100
85,25000,27.52942593,53.4037963,100
85,25020,27.49472146,52.93319735,100
85,25040,27.45261192,52.53067242,100
85,25060,27.35331472,52.82091765,100
85,25080,27.28125422,54.05250844,100
85,25100,27.28898573,54.66536887,100
85,25120,27.27921296,54.60546146,100
85,25140,27.25645642,54.91499282,100
85,25160,27.22341381,56.19239855,100
85,25180,27.25270697,56.55604575,100
85,25200,27.27938663,56.36617941,100
85,25220,27.28901235,56.84038473,100
85,25240,27.26221239,56.88906356,100
85,25260,27.26969419,56.89895984,100
85,25280,27.25861976,56.93460012,100
85,25300,27.23862366,56.60172638,100
85,25320,27.23664506,56.65222222,100
85,25340,27.22297619,56.96311728,100
85,25360,27.21348189,56.90545892,100
85,25380,27.21775701,56.66439512,100
85,25400,27.21635403,55.74342243,100
85,25420,27.22405907,55.12549181,100
85,25440,27.22322389,54.82674,100
85,25460,27.23929012,54.48472222,100
85,25480,27.23193139,54.58124406,100
85,25500,27.24516565,54.44099753,100
85,25520,27.22268136,54.39518773,100
85,25540,27.19906346,54.58184817,100
85,25560,27.20595535,54.45511423,100
85,25580,27.22635449,54.70081549,100
85,25600,27.25344136,53.68070988,100
85,25620,27.22100762,53.13235785,100
85,25640,27.16060185,53.38179012,100
85,25660,27.16329966,54.00122054,100
85,25680,27.23950192,54.25734887,100
85,25700,27.28548412,54.67858353,100
85,25720,27.30865877,54.45127021,100
85,25740,27.31209195,54.48233922,100
85,25760,27.28557099,54.74007396,100
85,25780,27.27482441,54.76714631,100
85,25800,27.27835627,54.53860856,100
85,25820,27.27205247,53.45123457,100
85,25840,27.20087963,52.96759259,100
85,25860,27.13999228,52.07083333,100
85,25880,27.10510802,51.60740741,100
85,25900,27.07171707,51.8510491,100
85,25920,27.00982017,51.75082783,100
85,25940,27.02633297,51.56166661,100
85,25960,27.01767005,51.23429965,100
85,25980,27.02156521,51.06679149,100
85,26000,27.02828004,50.76482302,100
85,26020,27.06388511,51.10478481,100
85,26040,27.07595365,50.83303255,100
85,26060,27.18127531,50.59041735,100
85,26080,27.19863909,50.84758971,100
85,26100,27.79307873,53.02504895,100
85,26120,27.83368591,53.04467582,100
85,26140,27.85309256,54.31942311,100
85,26160,27.84310592,55.11417245,100
85,26180,27.84260651,54.91672087,100
85,26200,27.80472453,54.89900733,100
85,26220,27.77643156,54.91671131,100
85,26240,27.76477954,54.77844813,100
85,26260,27.7410117,54.04195928,100
85,26280,27.61905751,54.0161318,100
85,26300,27.55500918,53.53892761,100
85,26320,27.51525654,53.45022734,100
85,26340,27.47223986,53.34559083,100
85,26360,27.41751982,53.34907943,100
85,26380,27.36313767,53.16114272,100
85,26400,27.31675656,53.05789456,100
85,26420,27.26169531,53.15654575,100
85,26440,27.22634392,53.18719577,100
85,26460,27.17458973,52.84586062,100
85,26480,27.12919864,52.53574768,100
85,26500,27.03368516,53.05306642,100
85,26520,26.95967744,54.04959298,100
85,26540,26.95884083,54.61604467,100
85,26560,26.94767196,54.45327999,100
85,26580,26.92166448,54.74051127,100
85,26600,26.8839015,56.09076318,100
85,26620,26.92228136,56.4898226,100
85,26640,26.96201879,56.16711712,100
85,26660,26.97315697,56.67331098,100
85,26680,26.95367444,56.73192821,100
85,26700,26.96536479,56.73866087,100
85,26720,26.95694692,56.77298099,100
85,26740,26.94398259,56.36387776,100
85,26760,26.94230864,56.38396825,100
85,26780,26.93251701,56.67213404,100
85,26800,26.93022763,56.60089832,100
85,26820,26.94405874,56.32806705,100
85,26840,26.94874423,55.27550165,100
85,26860,26.9688846,54.56932041,100
85,26880,26.97164741,54.22394625,100
85,26900,27.00138448,53.81322751,100
85,26920,27.00036664,53.81263058,100
85,26940,27.02409495,53.68224095,100
85,26960,27.01004854,53.60243677,100
85,26980,26.99080384,53.82748572,100
85,27000,27.00693962,53.73775404,100
85,27020,27.03693461,54.05650211,100
85,27040,27.07602293,52.82689594,100
85,27060,27.0468923,52.16978464,100
85,27080,26.9844709,52.43633157,100
85,27100,26.99654882,53.14028379,100
85,27120,27.08800219,53.43432464,100
85,27140,27.14343664,53.91313871,100
85,27160,27.18079026,53.65325407,100
85,27180,27.19040667,53.68351995,100
85,27200,27.16909171,53.97939669,100
85,27220,27.16263001,53.92700319,100
85,27240,27.16595893,53.61817388,100
85,27260,27.15522928,53.00511464,100
85,27280,27.10656085,52.96693122,100
85,27300,27.08684303,52.30714286,100
85,27320,27.08705467,51.65846561,100
85,27340,27.05234244,51.79831562,100
85,27360,26.88317587,51.03371149,100
85,27380,26.87674205,50.75414959,100
85,27400,26.83762553,50.47222713,100
85,27420,26.81723855,50.32633313,100
85,27440,26.78867653,49.9933495,100
85,27460,26.79536606,50.03509799,100
85,27480,26.79174409,49.85056858,100
85,27500,26.82014688,49.72325547,100
85,27520,26.81515626,49.95250145,100
85,27540,27.56695771,52.44793954,100
85,27560,27.57362269,52.47307643,100
85,27580,27.56855439,53.80030198,100
85,27600,27.54506993,54.69797952,100
85,27620,27.54763495,54.56884502,100
85,27640,27.51522908,54.5398878,100
85,27660,27.48668898,54.62968065,100
85,27680,27.47403376,54.43571642,100
85,27700,27.45216152,53.51356192,100
85,27720,27.37019271,53.19039401,100
85,27740,27.31627217,52.74141793,100
85,27760,27.26069002,52.64417516,100
85,27780,27.21457042,52.51929957,100
85,27800,27.15825017,52.49947702,100
85,27820,27.10152241,52.30982449,100
85,27840,27.05684877,52.17992182,100
85,27860,26.99921512,52.26246738,100
85,27880,26.96740892,52.28139834,100
85,27900,26.91474276,51.91246504,100
85,27920,26.87265559,51.58053703,100
85,27940,26.76825923,52.13736691,100
85,27960,26.69316941,53.22089665,100
85,27980,26.69621128,53.86263558,100
85,28000,26.69337113,53.73893375,100
85,28020,26.66958248,54.08745194,100
85,28040,26.63700892,55.65246099,100
85,28060,26.68419457,56.09551154,100
85,28080,26.73963696,55.71302037,100
85,28100,26.75635928,56.25891625,100
85,28120,26.74163322,56.34310314,100
85,28140,26.76067902,56.38022579,100
85,28160,26.76071711,56.45483541,100
85,28180,26.75053284,55.98461864,100
85,28200,26.75734744,56.01024943,100
85,28220,26.75382896,56.34619552,100
85,28240,26.76126544,56.36002136,100
85,28260,26.78279611,56.08788437,100
85,28280,26.79830271,54.8862876,100
85,28300,26.82766706,54.07790058,100
85,28320,26.83889455,53.68844185,100
85,28340,26.87618544,53.22966742,100
85,28360,26.88322325,53.29644553,100
85,28380,26.91325137,53.20560514,100
85,28400,26.90113018,53.11444937,100
85,28420,26.88949011,53.36897839,100
85,28440,26.907931,53.26637845,100
85,28460,26.94221099,53.82735235,100
85,28480,26.99362938,53.14475939,100
85,28500,26.99972489,52.260881,100
85,28520,26.95473923,52.35713026,100
85,28540,26.98664021,53.00610355,100
85,28560,27.0990961,53.27962224,100
85,28580,27.15384356,53.73266273,100
85,28600,27.19199159,53.37582779,100
85,28620,27.19601294,53.42236168,100
85,28640,27.15753338,53.48588732,100
85,28660,27.12949221,53.16947083,100
85,28680,27.11823878,52.84934157,100
85,28700,27.10597632,52.14870244,100
85,28720,27.05035525,52.10506425,100
85,28740,27.01657061,51.30816327,100
85,28760,26.99353867,50.9271353,100
85,28780,26.94606332,51.06315435,100
85,28800,26.84362956,50.78019408,100
85,28820,26.84484806,50.34998048,100
85,28840,26.80109584,50.10159291,100
85,28860,26.79041548,49.96580929,100
85,28880,26.77146365,49.66858991,100
85,28900,26.7802993,49.75558818,100
85,28920,26.78318372,49.57684028,100
85,28940,26.82302501,49.43491102,100
85,28960,26.82041668,49.60404927,100
85,28980,27.24375769,51.69803837,100
85,29000,27.25900794,51.64912439,100
85,29020,27.26720763,53.08238968,100
85,29040,27.25085319,53.93530556,100
85,29060,27.25129447,53.76282157,100
85,29080,27.21594964,53.67389294,100
85,29100,27.18478741,53.65469996,100
85,29120,27.1703243,53.59279956,100
85,29140,27.14616079,53.05478505,100
85,29160,27.07176786,53.08902173,100
85,29180,27.03490629,52.75090621,100
85,29200,26.98983621,52.79810494,100
85,29220,26.9548662,52.73158046,100
85,29240,26.90466686,52.74940231,100
85,29260,26.85054942,52.59694227,100
85,29280,26.81056526,52.49014875,100
85,29300,26.75600776,52.59877224,100
85,29320,26.73049115,52.61683619,100
85,29340,26.67803934,52.24043624,100
85,29360,26.64101115,51.90394708,100
85,29380,26.53217721,52.57365742,100
85,29400,26.45552695,53.80840569,100
85,29420,26.46709861,54.522774,100
85,29440,26.46540033,54.37068619,100
85,29460,26.44809426,54.71542126,100
85,29480,26.41765305,56.45995542,100
85,29500,26.4743176,56.96391795,100
85,29520,26.54422795,56.52559471,100
85,29540,26.57286299,57.1506662,100
85,29560,26.56436654,57.24687978,100
85,29580,26.59613317,57.29168662,100
85,29600,26.60486717,57.37933571,100
85,29620,26.60048992,56.86099274,100
85,29640,26.61613517,56.92599935,100
85,29660,26.62342357,57.27065202,100
85,29680,26.64156526,57.25311965,100
85,29700,26.67164793,56.9444869,100
85,29720,26.69675071,55.58432868,100
85,29740,26.73673854,54.6604578,100
85,29760,26.75873663,54.21298116,100
85,29780,26.80516431,53.75414372,100
85,29800,26.82404086,53.81022346,100
85,29820,26.86764442,53.75640588,100
85,29840,26.85843449,53.67127547,100
85,29860,26.8527506,53.96216578,100
85,29880,26.87918305,53.81633728,100
85,29900,26.9196697,54.08364078,100
85,29920,26.96581453,53.37972501,100
85,29940,26.96801892,52.46481638,100
85,29960,26.91958293,52.57719649,100
85,29980,26.95544596,53.35102311,100
85,30000,27.07849078,53.66956828,100
85,30020,27.13665454,54.02185264,100
85,30040,27.16989515,53.52594604,100
85,30060,27.15294336,53.4303181,100
85,30080,27.10837149,53.3100617,100
85,30100,27.07430062,53.04844285,100
85,30120,27.06274908,52.81829513,100
85,30140,27.05683008,52.10685041,100
85,30160,27.007906,52.15935914,100
85,30180,26.97977117,51.33551992,100
85,30200,26.96094896,50.85720225,100
85,30220,26.9096676,50.92931926,100
85,30240,26.84224331,50.77379324,100
85,30260,26.85673112,50.5249777,100
85,30280,26.82672858,50.3149157,100
85,30300,26.82690341,50.24425824,100
85,30320,26.81845846,49.99624561,100
85,30340,26.83462778,50.13971982,100
85,30360,26.84482901,49.96281747,100
85,30380,26.89786191,49.85180307,100
85,30400,26.9057143,50.02605631,100
85,30420,27.31774689,51.17394861,100
85,30440,27.33791383,51.16090407,100
85,30460,27.33788015,52.36677868,100
85,30480,27.33918936,52.79392065,100
85,30500,27.34338415,52.58251036,100
85,30520,27.30441863,52.48325859,100
85,30540,27.28106656,52.46132377,100
85,30560,27.27620396,52.39177093,100
85,30580,27.25287424,51.77451625,100
85,30600,27.17844898,51.8076915,100
85,30620,27.14132148,51.42841662,100
85,30640,27.09969376,51.39188184,100
85,30660,27.06270422,51.26823481,100
85,30680,27.01235736,51.28503121,100
85,30700,26.95741363,51.12745784,100
85,30720,26.91469363,50.99112238,100
85,30740,26.8621041,51.11169208,100
85,30760,26.8357994,51.1323366,100
85,30780,26.78597354,50.70097475,100
85,30800,26.74686989,50.31879666,100
85,30820,26.62867872,51.08417991,100
85,30840,26.54881651,52.49413031,100
85,30860,26.56573174,53.31055124,100
85,30880,26.57271943,53.13554612,100
85,30900,26.55496487,53.53429097,100
85,30920,26.52017492,55.52685382,100
85,30940,26.58695821,56.10162051,100
85,30960,26.67685576,55.59710824,100
85,30980,26.71184342,56.31028518,100
85,31000,26.70570461,56.42381499,100
85,31020,26.75236648,56.47621328,100
85,31040,26.76389582,56.57400272,100
85,31060,26.76984562,55.97922979,100
85,31080,26.78986877,56.04757069,100
85,31100,26.79819837,56.34145945,100
85,31120,26.81893173,56.2892796,100
85,31140,26.85331192,56.20441361,100
85,31160,26.88688177,55.23923278,100
85,31180,26.94401072,54.61195177,100
85,31200,26.98153234,54.32435942,100
85,31220,27.03542588,53.99521187,100
85,31240,27.05866574,54.11525539,100
85,31260,27.10587934,53.882321,100
85,31280,27.09535371,53.79455292,100
85,31300,27.08552449,53.79009422,100
85,31320,27.09656634,53.6722426,100
85,31340,27.13200347,53.80154184,100
85,31360,27.16331184,52.94468573,100
85,31380,27.14868829,52.06455206,100
85,31400,27.0791662,52.09417694,100
85,31420,27.07431919,52.74164546,100
85,31440,27.16756089,52.90569708,100
85,31460,27.20153376,53.40711731,100
85,31480,27.22273731,53.2403669,100
85,31500,27.20479241,53.11322069,100
85,31520,27.15242456,53.16268957,100
85,31540,27.11348643,52.95774422,100
85,31560,27.09802276,52.63757539,100
85,31580,27.07875818,51.93044809,100
85,31600,27.02284496,51.74402949,100
85,31620,26.97235753,51.02630848,100
85,31640,26.94965596,50.67132638,100
85,31660,26.90878679,50.76207916,100
85,31680,26.76827807,50.94862084,100
85,31700,26.79352604,50.73926022,100
85,31720,26.77042791,50.50157033,100
85,31740,26.7736039,50.42200941,100
85,31760,26.76942871,50.24094737,100
85,31780,26.7968365,50.43467979,100
85,31800,26.81468554,50.24202948,100
85,31820,26.88279457,50.10920351,100
85,31840,26.89891158,50.31549293,100
85,31860,27.47742501,51.89879841,100
85,31880,27.50487771,51.88269988,100
85,31900,27.51424398,52.96560421,100
85,31920,27.51431165,53.59305217,100
85,31940,27.52315332,53.39905946,100
85,31960,27.4906451,53.3689622,100
85,31980,27.47490941,53.3653224,100
85,32000,27.47304262,53.30011916,100
85,32020,27.45221341,52.63397096,100
85,32040,27.37560836,52.66474266,100
85,32060,27.33912931,52.30033328,100
85,32080,27.29965001,52.23476972,100
85,32100,27.25928102,52.1351255,100
85,32120,27.21055127,52.15313091,100
85,32140,27.15132986,51.98852324,100
85,32160,27.10572129,51.8422351,100
85,32180,27.05561897,51.96098143,100
85,32200,27.02853265,52.00600374,100
85,32220,26.98135071,51.52016162,100
85,32240,26.93927987,51.06910094,100
85,32260,26.80420425,51.95930085,100
85,32280,26.7180522,53.54448226,100
85,32300,26.74631246,54.34182046,100
85,32320,26.75394125,54.09895747,100
85,32340,26.73543604,54.58918968,100
85,32360,26.70734276,56.30807103,100
85,32380,26.76426176,56.82685201,100
85,32400,26.82390658,56.50383799,100
85,32420,26.8479401,57.24865925,100
85,32440,26.84806718,57.09983618,100
85,32460,26.87984741,56.8668628,100
85,32480,26.86552379,56.84052692,100
85,32500,26.84887118,56.36316738,100
85,32520,26.85413574,56.4793665,100
85,32540,26.85056004,56.71762032,100
85,32560,26.85520769,56.57703382,100
85,32580,26.87033268,56.35028222,100
85,32600,26.88119821,55.39602794,100
85,32620,26.92160749,54.63270679,100
85,32640,26.94246553,54.30045838,100
85,32660,26.97096291,53.88024214,100
85,32680,26.97573704,53.84481568,100
85,32700,26.99993353,53.60003353,100
85,32720,26.98040424,53.42591762,100
85,32740,26.9592899,53.48629816,100
85,32760,26.96238534,53.34922964,100
85,32780,26.98336111,53.5970002,100
85,32800,27.01509448,52.77368845,100
85,32820,26.99981042,52.05948807,100
85,32840,26.94047566,52.17786888,100
85,32860,26.94886479,52.74997576,100
85,32880,27.02828387,52.97317762,100
85,32900,27.05901477,53.34980073,100
85,32920,27.08324741,53.09970503,100
85,32940,27.08119132,52.97344269,100
85,32960,27.04229473,53.05974046,100
85,32980,27.00767497,52.95170767,100
85,33000,27.0002403,52.71675282,100
85,33020,26.99131887,52.01813115,100
85,33040,26.93944186,51.84793847,100
85,33060,26.89209908,51.15863827,100
85,33080,26.87163062,50.76246824,100
85,33100,26.8369468,50.89594761,100
85,33120,26.8943416,51.36747144,100
85,33140,26.92260119,51.12939264,100
85,33160,26.90751284,50.85774704,100
85,33180,26.91269017,50.7656298,100
85,33200,26.91601377,50.55989223,100
85,33220,26.95150362,50.78130072,100
85,33240,26.97356919,50.56112893,100
85,33260,27.05176522,50.41051829,100
85,33280,27.07018467,50.64627763,100
85,33300,27.55979525,52.44981723,100
85,33320,27.59628882,52.4373713,100
85,33340,27.61532646,53.67259529,100
85,33360,27.61635617,54.38967867,100
85,33380,27.62753236,54.21321081,100
85,33400,27.60097536,54.15857585,100
85,33420,27.58584885,54.19251132,100
85,33440,27.58716776,54.07870761,100
85,33460,27.57062485,53.39596681,100
85,33480,27.4862905,53.3347059,100
85,33500,27.44483826,52.91466661,100
85,33520,27.40590954,52.83973682,100
85,33540,27.36584497,52.72228629,100
85,33560,27.31253478,52.73929247,100
85,33580,27.25485317,52.5571218,100
85,33600,27.20630053,52.39112583,100
85,33620,27.14927883,52.52564544,100
85,33640,27.12106113,52.57590903,100
85,33660,27.074877,52.15518471,100
85,33680,27.03346271,51.78135346,100
85,33700,26.92480486,52.34991526,100
85,33720,26.84825014,53.60321782,100
85,33740,26.85888091,54.2835091,100
85,33760,26.85593286,54.14404663,100
85,33780,26.83466499,54.49955011,100
85,33800,26.80184411,56.06041451,100
85,33820,26.84820392,56.51283087,100
85,33840,26.90077419,56.17700532,100
85,33860,26.92002678,56.76037247,100
85,33880,26.90541011,56.8033842,100
85,33900,26.92768275,56.79308129,100
85,33920,26.92417005,56.84155457,100
85,33940,26.91299564,56.39361987,100
85,33960,26.91901227,56.45022838,100
85,33980,26.91492576,56.75347084,100
85,34000,26.91916593,56.69875294,100
85,34020,26.93680877,56.46341777,100
85,34040,26.94922653,55.40974622,100
85,34060,26.97814665,54.68618871,100
85,34080,26.99138918,54.34338101,100
85,34100,27.02395761,53.94884816,100
85,34120,27.02941376,54.00597982,100
85,34140,27.05730499,53.85837165,100
85,34160,27.04153341,53.7712868,100
85,34180,27.02514084,53.94267409,100
85,34200,27.03784515,53.82173864,100
85,34220,27.06669841,54.1096669,100
85,34240,27.10296512,53.20445347,100
85,34260,27.08645001,52.46917684,100
85,34280,27.0285198,52.6294692,100
85,34300,27.04120261,53.28449611,100
85,34320,27.13434824,53.53958394,100
85,34340,27.18077879,53.96881988,100
85,34360,27.20942561,53.68537718,100
85,34380,27.2070758,53.65536308,100
85,34400,27.17155112,53.78256052,100
85,34420,27.14817615,53.65552306,100
85,34440,27.14313177,53.3881937,100
85,34460,27.13317395,52.58738798,100
85,34480,27.0755526,52.39407254,100
85,34500,27.032518,51.61106278,100
85,34520,27.01043499,51.15591608,100
85,34540,26.97103444,51.30727346,100
85,34560,26.89902864,51.20899563,100
85,34580,26.91444492,50.97072835,100
85,34600,26.89343833,50.70947145,100
85,34620,26.89514116,50.61165905,100
85,34640,26.89291968,50.38069382,100
85,34660,26.92153655,50.58767019,100
85,34680,26.93736225,50.37658683,100
85,34700,27.00812627,50.22153067,100
85,34720,27.02136815,50.43856129,100
85,34740,27.5312231,52.30658064,100
85,34760,27.56255053,52.29620159,100
85,34780,27.57706549,53.54198966,100
85,34800,27.57426683,54.26010988,100
85,34820,27.58256176,54.08206104,100
85,34840,27.55283894,54.02801368,100
85,34860,27.5340374,54.05431,100
85,34880,27.53163529,53.94337305,100
85,34900,27.51286038,53.25589248,100
85,34920,27.42797785,53.19859534,100
85,34940,27.38501305,52.78514294,100
85,34960,27.34416517,52.71977074,100
85,34980,27.30401903,52.60717198,100
85,35000,27.25115418,52.62069665,100
85,35020,27.19411654,52.44271334,100
85,35040,27.14723502,52.2915325,100
85,35060,27.09129648,52.41580485,100
85,35080,27.0627233,52.45763942,100
85,35100,27.01489922,52.04404005,100
85,35120,26.97358426,51.67430789,100
85,35140,26.86358916,52.28262921,100
85,35160,26.78639241,53.53903345,100
85,35180,26.79743737,54.2289577,100
85,35200,26.79546428,54.07813023,100
85,35220,26.77440908,54.44020115,100
85,35240,26.74161987,56.04155964,100
85,35260,26.79041777,56.50665732,100
85,35280,26.84668669,56.14998045,100
85,35300,26.86731455,56.74894215,100
85,35320,26.85443836,56.7911443,100
85,35340,26.87882397,56.77795579,100
85,35360,26.87639152,56.82826235,100
85,35380,26.86647735,56.36389037,100
85,35400,26.87363616,56.42137212,100
85,35420,26.87091856,56.72352135,100
85,35440,26.87712079,56.66922352,100
85,35460,26.89667331,56.43470672,100
85,35480,26.91106545,55.36207818,100
85,35500,26.94301631,54.62343112,100
85,35520,26.95826993,54.27432972,100
85,35540,26.99319582,53.87229472,100
85,35560,27.00048267,53.92379922,100
85,35580,27.03046775,53.77513938,100
85,35600,27.01565513,53.6821581,100
85,35620,27.00029475,53.8513635,100
85,35640,27.01382941,53.73125641,100
85,35660,27.0438904,54.0252171,100
85,35680,27.08146852,53.13641684,100
85,35700,27.06722749,52.37443669,100
85,35720,27.00965094,52.52199478,100
85,35740,27.02376018,53.1821069,100
85,35760,27.11932628,53.4370461,100
85,35780,27.16582088,53.86742508,100
85,35800,27.19524944,53.57596389,100
85,35820,27.19207349,53.53722363,100
85,35840,27.15526257,53.64577289,100
85,35860,27.13008354,53.49671973,100
85,35880,27.12381399,53.22384872,100
85,35900,27.11333416,52.46398133,100
85,35920,27.05764873,52.3121411,100
85,35940,27.01716453,51.54538127,100
85,35960,26.99691027,51.09141732,100
85,35980,26.95665121,51.22959122,100
85,36000,26.87721675,51.12337351,100
85,36020,26.89074662,50.8614508,100
85,36040,26.86492844,50.59883203,100
85,36060,26.86250827,50.48607006,100
85,36080,26.85503441,50.22922021,100
85,36100,26.87772213,50.40554879,100
85,36120,26.88876106,50.20042916,100
85,36140,26.95214217,50.04880562,100
85,36160,26.96148439,50.26150409,100
85,36180,27.4985692,52.14288168,100
85,36200,27.52399249,52.13486478,100
85,36220,27.53333867,53.39272609,100
85,36240,27.52616472,54.11203127,100
85,36260,27.53116679,53.93217559,100
85,36280,27.4978259,53.87879977,100
85,36300,27.47482431,53.89636563,100
85,36320,27.4681696,53.78870498,100
85,36340,27.44684384,53.09580754,100
85,36360,27.36133482,53.04304042,100
85,36380,27.31664139,52.63711589,100
85,36400,27.27360018,52.58266665,100
85,36420,27.23336082,52.47561278,100
85,36440,27.18100492,52.48515857,100
85,36460,27.12470324,52.31196081,100
85,36480,27.07973158,52.17771156,100
85,36500,27.02503094,52.29027274,100
85,36520,26.99605149,52.32247416,100
85,36540,26.94635318,51.91701758,100
85,36560,26.90515173,51.55197011,100
85,36580,26.79362837,52.20573086,100
85,36600,26.71569786,53.46567988,100
85,36620,26.72721617,54.16661325,100
85,36640,26.72635732,54.0027972,100
85,36660,26.70554517,54.37237377,100
85,36680,26.67279216,56.02001123,100
85,36700,26.72437646,56.49960183,100
85,36720,26.78487242,56.11909489,100
85,36740,26.80707201,56.73587893,100
85,36760,26.79618492,56.77715583,100
85,36780,26.82298537,56.76066949,100
85,36800,26.82178748,56.81307124,100
85,36820,26.81331359,56.32991379,100
85,36840,26.82177774,56.38839353,100
85,36860,26.82062461,56.68929336,100
85,36880,26.82906921,56.6354756,100
85,36900,26.85080421,56.40189409,100
85,36920,26.8674528,55.30760043,100
85,36940,26.90286734,54.55170817,100
85,36960,26.92041937,54.19541397,100
85,36980,26.95803949,53.78480508,100
85,37000,26.96741856,53.82987853,100
85,37020,26.99979662,53.68001679,100
85,37040,26.98607996,53.58029672,100
85,37060,26.97189922,53.74700855,100
85,37080,26.98638284,53.62784815,100
85,37100,27.0178241,53.92870304,100
85,37120,27.05690097,53.05866069,100
85,37140,27.0452589,52.26616224,100
85,37160,26.98808652,52.39916687,100
85,37180,27.00382596,53.06509067,100
85,37200,27.10215834,53.31985999,100
85,37220,27.14872613,53.7515453,100
85,37240,27.17904811,53.45092013,100
85,37260,27.174928,53.40220712,100
85,37280,27.13664708,53.48944417,100
85,37300,27.10940628,53.31523022,100
85,37320,27.10173652,53.03602589,100
85,37340,27.09066012,52.32294515,100
85,37360,27.03718718,52.21850517,100
85,37380,26.99961771,51.47031669,100
85,37400,26.98145345,51.01770445,100
85,37420,26.94021323,51.14081153,100
85,37440,26.8582734,51.03373718,100
85,37460,26.87137714,50.76141997,100
85,37480,26.84310821,50.50805094,100
85,37500,26.83978585,50.40310985,100
85,37520,26.83028503,50.15270552,100
85,37540,26.85112742,50.30565792,100
85,37560,26.86201927,50.11005725,100
85,37580,26.91940886,49.97143252,100
85,37600,26.92760515,50.17777757,100
85,37620,27.45649641,52.01685778,100
85,37640,27.47975057,52.00489178,100
85,37660,27.48765954,53.2603408,100
85,37680,27.48088741,53.96886825,100
85,37700,27.4866754,53.79152626,100
85,37720,27.45398324,53.73305583,100
85,37740,27.43173756,53.75060196,100
85,37760,27.42579676,53.6473131,100
85,37780,27.40481986,52.960643,100
85,37800,27.3245173,52.90402737,100
85,37820,27.28258885,52.50828564,100
85,37840,27.23907784,52.45872941,100
85,37860,27.19923524,52.3513302,100
85,37880,27.14721708,52.36174131,100
85,37900,27.09064118,52.19064911,100
85,37920,27.04587087,52.05197113,100
85,37940,26.99122174,52.16651945,100
85,37960,26.96315258,52.1989425,100
85,37980,26.91374796,51.78432571,100
85,38000,26.87314503,51.41143045,100
85,38020,26.75933454,52.08468292,100
85,38040,26.68084364,53.38226372,100
85,38060,26.69412693,54.10240876,100
85,38080,26.69474094,53.93844251,100
85,38100,26.67467098,54.3197827,100
85,38120,26.64263369,56.00990381,100
85,38140,26.69610433,56.50099886,100
85,38160,26.75956579,56.11223457,100
85,38180,26.78334559,56.7448172,100
85,38200,26.77368642,56.78361692,100
85,38220,26.80264545,56.76381358,100
85,38240,26.80247899,56.81879842,100
85,38260,26.79464659,56.3250618,100
85,38280,26.80455904,56.38902572,100
85,38300,26.80463998,56.69174469,100
85,38320,26.81461801,56.64041521,100
85,38340,26.83748213,56.41244081,100
85,38360,26.85583974,55.31218598,100
85,38380,26.8934363,54.54919213,100
85,38400,26.91310108,54.19133793,100
85,38420,26.95184735,53.78074473,100
85,38440,26.9627117,53.83234252,100
85,38460,26.99632543,53.67969905,100
85,38480,26.98265587,53.57713386,100
85,38500,26.96919856,53.73551181,100
85,38520,26.98344616,53.61214731,100
85,38540,27.01509402,53.91044603,100
85,38560,27.05416926,53.09176994,100
85,38580,27.04502556,52.27993047,100
85,38600,26.98860304,52.39385763,100
85,38620,27.00486556,53.05434879,100
85,38640,27.10418064,53.30350789,100
85,38660,27.14948178,53.72846052,100
85,38680,27.17879923,53.42201528,100
85,38700,27.17271676,53.36201957,100
85,38720,27.13201213,53.41945095,100
85,38740,27.10180289,53.22783408,100
85,38760,27.09256189,52.95286189,100
85,38780,27.08143596,52.22549236,100
85,38800,27.02727665,52.11158717,100
85,38820,26.98715695,51.3507701,100
85,38840,26.96636756,50.92616715,100
85,38860,26.92419477,51.04688237,100
85,38880,26.85471591,51.03374084,100
85,38900,26.87061073,50.76245859,100
85,38920,26.84389145,50.51316863,100
85,38940,26.84300689,50.41407796,100
85,38960,26.8362291,50.17547067,100
85,38980,26.85909333,50.34430934,100
85,39000,26.87205858,50.14712706,100
85,39020,26.93358914,50.00688639,100
85,39040,26.94366928,50.20995987,100
85,39060,27.44071622,51.95527468,100
85,39080,27.46634027,51.93800826,100
85,39100,27.47610313,53.18320349,100
85,39120,27.47171847,53.86470949,100
85,39140,27.47796689,53.68048073,100
85,39160,27.44523383,53.61779412,100
85,39180,27.42388736,53.62501929,100
85,39200,27.41890576,53.53468405,100
85,39220,27.39805677,52.88165458,100
85,39240,27.31799224,52.86311785,100
85,39260,27.27777695,52.47498103,100
85,39280,27.23599039,52.43223716,100
85,39300,27.1970445,52.32733458,100
85,39320,27.14564092,52.34206478,100
85,39340,27.08908672,52.17362406,100
85,39360,27.0443026,52.03369247,100
85,39380,26.99007983,52.1528126,100
85,39400,26.96254453,52.18716309,100
85,39420,26.91360585,51.76602009,100
85,39440,26.87321495,51.38727237,100
85,39460,26.75805959,52.07715663,100
85,39480,26.67908282,53.40531616,100
85,39500,26.69382917,54.13666207,100
85,39520,26.69493663,53.96694377,100
85,39540,26.67539791,54.3529728,100
85,39560,26.64343722,56.06096706,100
85,39580,26.69780572,56.55892562,100
85,39600,26.76241277,56.16926517,100
85,39620,26.78720078,56.81423163,100
85,39640,26.77826545,56.84654746,100
85,39660,26.80864066,56.81861184,100
85,39680,26.80844497,56.87079313,100
85,39700,26.80094856,56.37369653,100
85,39720,26.81130355,56.44313661,100
85,39740,26.8118987,56.74110886,100
85,39760,26.8222398,56.68047148,100
85,39780,26.84529442,56.45880602,100
85,39800,26.86405932,55.3730286,100
85,39820,26.90283191,54.6165195,100
85,39840,26.92370201,54.26318023,100
85,39860,26.96265619,53.85947006,100
85,39880,26.97406719,53.90889923,100
85,39900,27.00819315,53.74742676,100
85,39920,26.9943024,53.64323164,100
85,39940,26.98058548,53.78787373,100
85,39960,26.99423404,53.66154286,100
85,39980,27.02550589,53.92231655,100
85,40000,27.06281782,53.08420002,100
85,40020,27.05149708,52.28265182,100
85,40040,26.99344073,52.3991044,100
85,40060,27.00746918,53.06124097,100
85,40080,27.10490701,53.30692013,100
85,40100,27.14885867,53.72786021,100
85,40120,27.17691461,53.42861349,100
85,40140,27.16938873,53.35339927,100
85,40160,27.12836624,53.40996004,100
85,40180,27.09784727,53.23617169,100
85,40200,27.08889376,52.9676505,100
85,40220,27.07793019,52.23646235,100
85,40240,27.02397971,52.11251901,100
85,40260,26.982955,51.35685679,100
85,40280,26.96248597,50.92602884,100
85,40300,26.92107069,51.0445578,100
85,40320,26.85629967,51.06996181,100
85,40340,26.87429111,50.82138404,100
85,40360,26.85000511,50.57196516,100
85,40380,26.85051995,50.47811634,100
85,40400,26.84548131,50.2478822,100
85,40420,26.87034962,50.42841237,100
85,40440,26.88475499,50.2285966,100
85,40460,26.94938402,50.08859715,100
85,40480,26.96127679,50.29651853,100
85,40500,27.46885315,51.99202272,100
85,40520,27.49595917,51.97927738,100
85,40540,27.50594535,53.19760546,100
85,40560,27.50327066,53.85462434,100
85,40580,27.51034867,53.66871775,100
85,40600,27.47798871,53.60978001,100
85,40620,27.45804449,53.6207792,100
85,40640,27.45441739,53.52638184,100
85,40660,27.43404191,52.85692166,100
85,40680,27.35316715,52.83084586,100
85,40700,27.31247276,52.43556314,100
85,40720,27.27115527,52.37997033,100
85,40740,27.2316414,52.26958516,100
85,40760,27.18006579,52.2838737,100
85,40780,27.12316348,52.11315003,100
85,40800,27.07769364,51.96848442,100
85,40820,27.0235187,52.08910409,100
85,40840,26.99569501,52.12578122,100
85,40860,26.94725821,51.69824636,100
85,40880,26.90638692,51.3134617,100
85,40900,26.7903285,52.00622795,100
85,40920,26.71101937,53.34773194,100
85,40940,26.72621925,54.08150323,100
85,40960,26.72772753,53.90926628,100
85,40980,26.70786986,54.30119445,100
85,41000,26.6756921,56.00396873,100
85,41020,26.72973259,56.50106958,100
85,41040,26.79358203,56.11836095,100
85,41060,26.81782046,56.76616954,100
85,41080,26.80882244,56.78935712,100
85,41100,26.83899887,56.75102972,100
85,41120,26.83752752,56.79814419,100
85,41140,26.82958551,56.30408279,100
85,41160,26.83918475,56.37415622,100
85,41180,26.83882372,56.66545984,100
85,41200,26.84805045,56.59866459,100
85,41220,26.87010106,56.38942303,100
85,41240,26.88796054,55.34284288,100
85,41260,26.92655953,54.6102426,100
85,41280,26.94726849,54.27035152,100
85,41300,26.98515504,53.87451668,100
85,41320,26.99549952,53.92299577,100
85,41340,27.02827154,53.74614402,100
85,41360,27.0137121,53.63922538,100
85,41380,26.9988476,53.76297487,100
85,41400,27.0106699,53.63942937,100
85,41420,27.04062534,53.89927024,100
85,41440,27.07667543,53.04198216,100
85,41460,27.06342254,52.25662831,100
85,41480,27.00399184,52.37366267,100
85,41500,27.01490107,53.01984352,100
85,41520,27.10868075,53.25511325,100
85,41540,27.15060211,53.68586129,100
85,41560,27.17791739,53.41470884,100
85,41580,27.17173807,53.34241087,100
85,41600,27.13122263,53.42423123,100
85,41620,27.10121107,53.2629901,100
85,41640,27.09262871,52.98898699,100
85,41660,27.08094449,52.25497835,100
85,41680,27.02627596,52.10582756,100
85,41700,26.98340983,51.35990491,100
85,41720,26.96270555,50.93586121,100
85,41740,26.92269971,51.06102045,100
85,41760,26.85830772,51.11227161,100
85,41780,26.87679968,50.8637278,100
85,41800,26.85333033,50.60868651,100
85,41820,26.85389374,50.51152464,100
85,41840,26.84934172,50.28383029,100
85,41860,26.87545274,50.46965416,100
85,41880,26.8904587,50.26656505,100
85,41900,26.95674432,50.12242488,100
85,41920,26.96921429,50.33515599,100
85,41940,27.49043976,52.10889045,100
85,41960,27.51853708,52.09618785,100
85,41980,27.52995466,53.316295,100
85,42000,27.52671084,54.00615344,100
85,42020,27.53420074,53.82389023,100
85,42040,27.50278444,53.77071164,100
85,42060,27.48332705,53.78641568,100
85,42080,27.47987645,53.68846911,100
85,42100,27.459923,53.011551,100
85,42120,27.37812689,52.97701077,100
85,42140,27.33692294,52.57944122,100
85,42160,27.29564977,52.52112583,100
85,42180,27.25577528,52.41263521,100
85,42200,27.20402413,52.42656548,100
85,42220,27.14684203,52.2539632,100
85,42240,27.10097936,52.10810757,100
85,42260,27.04657793,52.22873437,100
85,42280,27.01853724,52.26770188,100
85,42300,26.97029888,51.84071373,100
85,42320,26.92917507,51.4555567,100
85,42340,26.81342133,52.1379491,100
85,42360,26.7341912,53.46967503,100
85,42380,26.74914604,54.19163922,100
85,42400,26.74987154,54.01979773,100
85,42420,26.72971343,54.41075209,100
85,42440,26.69790885,56.072128,100
85,42460,26.75012894,56.55813373,100
85,42480,26.81025721,56.19282562,100
85,42500,26.83296004,56.83129588,100
85,42520,26.82355355,56.84157743,100
85,42540,26.85137493,56.79028922,100
85,42560,26.84804633,56.8301644,100
85,42580,26.83811977,56.35049036,100
85,42600,26.84622989,56.4208113,100
85,42620,26.84462734,56.71174561,100
85,42640,26.85221027,56.64286245,100
85,42660,26.87249951,56.41585295,100
85,42680,26.88811466,55.35764432,100
85,42700,26.9240665,54.60999843,100
85,42720,26.94237366,54.26263611,100
85,42740,26.97797349,53.85727451,100
85,42760,26.98647578,53.89553011,100
85,42780,27.01718472,53.72669017,100
85,42800,27.00204902,53.61703573,100
85,42820,26.98646519,53.75910067,100
85,42840,26.99839898,53.63474177,100
85,42860,27.02757132,53.91323144,100
85,42880,27.0642988,53.05588165,100
85,42900,27.05124171,52.28406778,100
85,42920,26.99325265,52.4135892,100
85,42940,27.00641276,53.0595861,100
85,42960,27.1002693,53.30502984,100
85,42980,27.14332616,53.72568186,100
85,43000,27.17151454,53.43961484,100
85,43020,27.16701603,53.37515232,100
85,43040,27.12819379,53.46159432,100
85,43060,27.09945745,53.30659665,100
85,43080,27.09185813,53.03918864,100
85,43100,27.08125682,52.30133981,100
85,43120,27.0267661,52.157513,100
85,43140,26.98498873,51.40756154,100
85,43160,26.96456977,50.9736519,100
85,43180,26.92468727,51.10372635,100